student,degree,act,scholarship,ap_courses,first_gen,non_traditional
1,Yes,21,0,0,No,No
2,Yes,19,0,0,No,No
3,Yes,27,0,0,Yes,No
4,Yes,25,0.5,0,Yes,No
5,No,28,0,17,Yes,No
6,Yes,21,0,0,No,Yes
7,Yes,27,0,8,Yes,No
8,No,20,0,0,No,No
9,Yes,26,0,0,Yes,No
10,Yes,25,0,4,Yes,No
11,Yes,21,0,0,Yes,No
12,Yes,26,0,4,Yes,No
13,Yes,28,0,0,Yes,No
14,Yes,26,0,21,Yes,No
15,Yes,30,1.5,26,Yes,No
16,Yes,24,0,0,Yes,No
17,No,22,0,0,Yes,No
18,No,27,0,0,No,No
19,No,21,0,11,Yes,No
20,Yes,24,0,6,No,No
21,Yes,23,0,0,Yes,No
22,Yes,14,0,0,No,No
23,Yes,28,0,0,Yes,No
24,Yes,20,0,0,No,No
25,Yes,26,0,0,No,No
26,Yes,30,0,12,Yes,No
27,No,25,0,0,Yes,No
28,No,28,0,4,No,No
29,Yes,21,0,0,Yes,No
30,Yes,29,0,12,Yes,No
31,No,26,0.5,18,Yes,No
32,Yes,27,0,7,Yes,No
33,No,20,0,0,Yes,No
34,Yes,26,0,0,Yes,No
35,Yes,20,0,4,Yes,No
36,No,29,0,0,No,No
37,Yes,21,0,0,No,No
38,Yes,31,0,0,Yes,No
39,Yes,21,0,0,Yes,No
40,Yes,25,0,0,Yes,No
41,No,22,0,0,Yes,No
42,Yes,24,0,0,Yes,No
43,Yes,28,0,0,Yes,No
44,Yes,25,0,0,No,No
45,Yes,29,0,0,Yes,No
46,Yes,27,0,7,Yes,No
47,No,27,0,0,No,No
48,Yes,28,0,0,Yes,No
49,No,21,0,0,Yes,No
50,Yes,23,0,0,No,No
51,Yes,32,2.5,0,Yes,No
52,No,25,0,0,Yes,No
53,Yes,25,0,0,Yes,No
54,Yes,24,0,0,Yes,No
55,Yes,24,0,0,No,No
56,Yes,23,0,4,Yes,No
57,No,25,0,0,No,No
58,Yes,28,2,0,Yes,No
59,Yes,24,0,0,Yes,No
60,Yes,26,0,0,Yes,No
61,Yes,23,0,0,Yes,No
62,No,15,0,0,No,No
63,Yes,29,0,21,Yes,No
64,Yes,23,0,0,No,No
65,Yes,28,0,0,Yes,No
66,Yes,19,0,4,No,No
67,Yes,24,0,0,Yes,No
68,No,18,0,0,Yes,No
69,Yes,21,0,0,No,No
70,Yes,25,0,0,Yes,No
71,No,28,0,0,Yes,No
72,No,20,0,0,Yes,No
73,Yes,29,0,0,Yes,No
74,Yes,25,0,0,No,No
75,No,28,0,0,Yes,No
76,Yes,24,0,0,Yes,No
77,Yes,13,0,0,No,No
78,Yes,29,2,11,Yes,No
79,Yes,22,0,0,No,No
80,Yes,19,0,0,Yes,No
81,No,31,0,0,Yes,No
82,Yes,16,0,0,Yes,No
83,Yes,22,0,0,Yes,No
84,Yes,32,0,0,Yes,No
85,No,22,0,0,No,No
86,No,15,0,0,No,No
87,Yes,27,0.5,4,Yes,No
88,Yes,24,0,0,Yes,No
89,Yes,27,1,0,Yes,No
90,Yes,24,0,0,No,No
91,No,16,0,0,No,No
92,No,27,0,0,Yes,No
93,Yes,22,0,0,Yes,No
94,Yes,29,0,12,Yes,No
95,No,23,1.925,0,Yes,No
96,Yes,28,0,8,Yes,No
97,Yes,32,0,27,Yes,No
98,No,30,0,0,No,Yes
99,Yes,22,1,4,Yes,No
100,Yes,28,0,6,Yes,No
101,Yes,24,0,0,No,No
102,No,22,0,0,Yes,No
103,Yes,31,0,12,Yes,No
104,Yes,29,4,10,Yes,No
105,Yes,28,0,0,Yes,No
106,Yes,31,0,0,Yes,No
107,No,23,0,0,No,No
108,No,28,0,31,Yes,No
109,Yes,23,0,0,Yes,No
110,No,17,0,0,No,No
111,Yes,29,1.5,33,Yes,No
112,Yes,28,0,0,Yes,No
113,Yes,20,0,0,Yes,No
114,No,17,0,0,No,No
115,Yes,29,0,0,No,No
116,Yes,19,0,0,Yes,No
117,Yes,29,0.5,12,Yes,No
118,Yes,28,0,0,Yes,No
119,Yes,28,0,36,Yes,No
120,Yes,21,0,0,Yes,No
121,Yes,32,1,8,Yes,No
122,Yes,28,1.5,0,Yes,No
123,Yes,26,0,0,Yes,No
124,Yes,28,1.5,0,Yes,No
125,No,27,0,0,Yes,No
126,Yes,30,1.5,0,Yes,No
127,No,28,1,0,Yes,No
128,Yes,25,0,7,Yes,No
129,No,23,0,0,No,No
130,No,21,0,0,Yes,Yes
131,Yes,28,0,0,Yes,No
132,Yes,26,0,4,Yes,No
133,Yes,24,0,0,No,No
134,Yes,20,0,0,Yes,No
135,Yes,23,0,0,Yes,No
136,No,31,0,15,Yes,No
137,No,24,0,0,No,No
138,Yes,20,0,8,No,No
139,Yes,33,0,39,Yes,No
140,Yes,29,1.5,6,Yes,No
141,No,21,0,0,No,No
142,Yes,17,1,0,No,No
143,Yes,19,0,0,No,No
144,Yes,27,0,7,Yes,No
145,Yes,27,0,8,Yes,No
146,Yes,28,0,0,No,No
147,Yes,29,0,11,Yes,No
148,Yes,29,0,0,Yes,No
149,Yes,28,0,22,Yes,No
150,No,18,0,0,No,No
151,Yes,28,1.5,12,Yes,No
152,Yes,28,1,0,Yes,No
153,Yes,26,0,0,Yes,No
154,Yes,23,0,0,Yes,No
155,Yes,23,0,0,Yes,No
156,No,19,0,0,Yes,No
157,Yes,21,0,0,No,No
158,Yes,25,0,0,Yes,No
159,Yes,23,0,0,Yes,No
160,Yes,31,1,29,Yes,No
161,Yes,28,0,3,Yes,No
162,Yes,25,0,0,No,No
163,No,28,0,4,Yes,No
164,Yes,25,0,0,Yes,No
165,Yes,23,0,8,Yes,No
166,No,29,1.5,0,Yes,No
167,No,26,0,0,No,No
168,Yes,29,1.5,42,Yes,No
169,Yes,29,0,0,No,No
170,Yes,21,0,0,No,No
171,Yes,30,0,25,Yes,No
172,Yes,21,0,0,Yes,No
173,Yes,23,0,0,Yes,No
174,Yes,26,0,15,Yes,No
175,Yes,26,0,4,Yes,No
176,No,26,0,8,Yes,No
177,No,31,0,10,Yes,No
178,No,24,0,0,Yes,No
179,Yes,23,0,0,Yes,No
180,Yes,23,0,7,Yes,No
181,Yes,22,0,0,No,No
182,No,18,0,0,No,No
183,Yes,24,0,0,Yes,No
184,Yes,20,0,0,Yes,No
185,Yes,24,0,4,Yes,No
186,Yes,22,0,0,No,No
187,No,22,0,0,No,No
188,Yes,31,0,22,Yes,No
189,No,24,0,4,No,No
190,Yes,21,0,0,No,No
191,Yes,26,0,0,Yes,No
192,Yes,17,0,0,No,No
193,No,22,0,0,Yes,No
194,No,24,0,0,Yes,No
195,Yes,23,0,0,No,No
196,No,25,0,0,Yes,No
197,Yes,20,0,0,Yes,No
198,Yes,26,0,4,Yes,No
199,Yes,22,0,0,No,No
200,Yes,20,0,0,No,No
201,Yes,22,0,4,Yes,No
202,Yes,24,0,0,Yes,No
203,Yes,29,0,8,Yes,No
204,Yes,24,0,0,No,No
205,Yes,20,0,0,No,No
206,Yes,22,0,0,Yes,No
207,Yes,26,0,4,Yes,No
208,Yes,24,0,17,Yes,No
209,Yes,23,0,0,Yes,No
210,Yes,21,0,0,No,No
211,Yes,27,0,0,Yes,No
212,Yes,27,0,15,Yes,No
213,Yes,22,0,0,Yes,No
214,Yes,25,0,0,Yes,No
215,Yes,17,0,0,Yes,No
216,No,24,0,12,No,No
217,Yes,23,0,0,Yes,No
218,Yes,23,0,0,No,No
219,Yes,26,0,10,Yes,No
220,Yes,29,0,23,Yes,No
221,No,22,0,0,No,No
222,No,25,0,0,Yes,No
223,No,16,0,0,Yes,No
224,Yes,28,1.5,0,Yes,No
225,Yes,31,0,16,Yes,No
226,No,13,0,0,Yes,No
227,Yes,19,0,0,No,No
228,Yes,26,0,0,Yes,No
229,Yes,28,0,0,Yes,No
230,Yes,23,0,4,Yes,No
231,No,25,0,12,No,No
232,Yes,25,0,0,Yes,No
233,Yes,25,0,4,Yes,No
234,No,27,0,0,Yes,No
235,No,27,0,18,Yes,No
236,Yes,26,0,0,Yes,No
237,Yes,32,0.5,33,Yes,No
238,No,26,0,0,Yes,No
239,Yes,33,1.5,6,Yes,No
240,Yes,24,0,0,No,No
241,Yes,28,1.5,7,Yes,No
242,Yes,25,0,4,Yes,No
243,Yes,28,0,0,Yes,No
244,Yes,30,0,6,Yes,No
245,Yes,21,0,0,No,No
246,Yes,26,0,0,Yes,No
247,No,29,0,0,No,No
248,No,26,0,0,Yes,Yes
249,Yes,24,0,0,No,No
250,Yes,26,0,4,Yes,No
251,No,26,0,4,Yes,No
252,Yes,26,0,0,Yes,No
253,Yes,28,0,0,Yes,No
254,Yes,22,0,0,Yes,No
255,Yes,32,0.5,12,Yes,No
256,Yes,27,0,0,No,No
257,Yes,28,2.5,0,Yes,No
258,No,23,0,0,No,No
259,Yes,20,0,0,No,No
260,Yes,32,0.5,27,Yes,No
261,No,21,0,0,No,No
262,No,21,0,0,No,No
263,Yes,22,0,0,No,No
264,Yes,30,0.5,0,Yes,No
265,Yes,19,0,0,Yes,No
266,No,16,0,0,No,No
267,Yes,24,0,0,Yes,No
268,Yes,31,1.5,0,Yes,No
269,Yes,16,0,0,Yes,Yes
270,Yes,20,0,0,Yes,No
271,Yes,29,0,0,Yes,No
272,No,27,0,0,No,No
273,No,24,0,0,No,Yes
274,No,19,0,0,No,No
275,Yes,23,0,0,Yes,No
276,Yes,23,0,4,Yes,No
277,Yes,28,1,4,Yes,No
278,Yes,17,0,0,No,No
279,Yes,26,0,8,Yes,No
280,Yes,21,0,0,No,No
281,Yes,26,0,4,Yes,No
282,Yes,25,0,0,Yes,No
283,Yes,27,0,0,Yes,No
284,Yes,17,0,0,No,No
285,Yes,27,0,0,Yes,No
286,No,22,0,0,No,No
287,Yes,28,1.5,4,Yes,No
288,Yes,33,0.5,31,Yes,No
289,Yes,24,0,4,Yes,No
290,No,22,0,0,Yes,No
291,No,23,0,0,No,No
292,Yes,34,2,0,Yes,No
293,Yes,30,2.5,0,Yes,No
294,No,22,0,0,Yes,No
295,Yes,32,0,14,Yes,No
296,Yes,27,0,0,No,No
297,Yes,25,0,0,Yes,No
298,Yes,28,0,13,Yes,No
299,No,26,0,0,Yes,Yes
300,Yes,22,0,0,No,No
301,Yes,29,0,0,Yes,No
302,Yes,25,0,0,No,No
303,Yes,25,0,8,Yes,No
304,Yes,27,0,22,Yes,No
305,Yes,28,0,0,Yes,No
306,Yes,25,1,0,Yes,No
307,Yes,19,0,0,No,No
308,Yes,29,0.5,11,No,No
309,Yes,21,0,0,Yes,No
310,Yes,28,0,4,Yes,No
311,No,23,0,0,Yes,No
312,No,16,0,0,No,No
313,Yes,28,0,0,Yes,No
314,Yes,28,0,39,Yes,No
315,No,23,0,0,Yes,No
316,Yes,25,0,4,Yes,No
317,Yes,29,0,15,Yes,No
318,Yes,26,0.67500001,0,Yes,No
319,Yes,29,0,0,Yes,No
320,Yes,31,2.5,12,No,No
321,No,17,0,0,No,No
322,Yes,25,1,0,No,No
323,Yes,21,0,0,No,No
324,No,26,0,0,No,No
325,Yes,26,0,0,Yes,No
326,No,25,0,0,Yes,No
327,No,30,0,0,Yes,No
328,Yes,28,0,0,No,No
329,Yes,33,1.5,29,Yes,No
330,No,21,0,0,No,No
331,Yes,28,0,4,Yes,No
332,No,27,0,4,Yes,No
333,Yes,31,1,15,Yes,No
334,Yes,19,0,0,No,No
335,No,25,0,0,Yes,No
336,Yes,24,0,0,Yes,No
337,No,25,0,0,Yes,No
338,Yes,28,0,14,No,No
339,Yes,24,0,0,Yes,No
340,No,19,0,0,Yes,No
341,Yes,23,0,0,Yes,No
342,Yes,23,0,0,Yes,No
343,Yes,30,0,11,Yes,No
344,Yes,21,1,0,Yes,No
345,Yes,24,0,0,Yes,No
346,Yes,28,1.5,4,Yes,No
347,Yes,22,1.25,8,No,No
348,No,20,0,0,No,No
349,Yes,24,0,0,Yes,No
350,Yes,28,1.5,0,Yes,No
351,Yes,22,0,0,Yes,No
352,Yes,28,0,0,Yes,No
353,No,24,0,0,Yes,No
354,Yes,25,0.5,4,Yes,No
355,Yes,26,0,10,No,No
356,Yes,30,2.5,21,Yes,No
357,Yes,25,0,0,Yes,No
358,No,20,0,0,Yes,No
359,No,27,0,0,No,No
360,Yes,25,0,7,Yes,No
361,No,22,0,0,No,No
362,Yes,23,0.5,0,Yes,No
363,Yes,28,0,18,No,No
364,Yes,29,0,0,Yes,No
365,Yes,20,0,0,No,No
366,Yes,26,0,0,Yes,No
367,Yes,32,1.5,8,Yes,No
368,No,20,0,0,No,No
369,Yes,26,0,11,Yes,No
370,Yes,27,1,0,Yes,No
371,No,23,0,0,Yes,No
372,Yes,26,0,7,Yes,No
373,Yes,23,0,0,Yes,No
374,Yes,28,0,4,Yes,No
375,Yes,27,0,20,Yes,No
376,No,21,0,0,No,No
377,Yes,26,0,6,Yes,No
378,Yes,26,0,0,Yes,No
379,Yes,27,0,0,Yes,No
380,Yes,31,0,7,Yes,No
381,Yes,29,0,0,Yes,No
382,Yes,31,2.5,0,Yes,No
383,Yes,22,0,0,No,No
384,No,29,0,0,No,No
385,Yes,23,0.5,0,Yes,No
386,Yes,18,0,0,No,Yes
387,Yes,27,0,11,No,No
388,Yes,29,0.5,13,Yes,No
389,Yes,26,0,0,Yes,No
390,No,30,0,11,Yes,No
391,Yes,30,0,35,Yes,No
392,No,20,0,0,Yes,No
393,Yes,31,0.5,0,Yes,No
394,Yes,25,0,0,Yes,No
395,No,29,0,0,Yes,No
396,No,33,0,14,Yes,No
397,Yes,27,0,4,Yes,No
398,No,16,0,0,Yes,No
399,No,22,0,0,Yes,No
400,Yes,27,1,11,Yes,No
401,Yes,24,0,8,Yes,No
402,Yes,29,0,10,Yes,No
403,Yes,29,0,12,Yes,No
404,Yes,26,0,4,Yes,No
405,No,31,0,26,Yes,No
406,No,29,0,15,Yes,No
407,No,21,0,0,Yes,No
408,Yes,28,0,12,Yes,No
409,Yes,19,0,0,No,No
410,Yes,20,0,0,Yes,No
411,Yes,29,0,0,No,No
412,Yes,21,0,0,Yes,No
413,No,24,0,4,Yes,No
414,Yes,26,0,4,Yes,No
415,Yes,23,0,0,Yes,No
416,Yes,20,1,0,Yes,No
417,Yes,26,0,11,Yes,No
418,Yes,29,0,0,Yes,No
419,Yes,23,0,6,Yes,No
420,Yes,20,0,0,Yes,No
421,Yes,30,0,18,Yes,No
422,Yes,22,0,0,Yes,No
423,Yes,22,0,4,Yes,No
424,Yes,25,0,0,Yes,No
425,Yes,18,0,0,No,No
426,Yes,35,0,10,Yes,No
427,Yes,27,0,10,Yes,No
428,Yes,26,0,0,Yes,No
429,Yes,27,0,21,Yes,No
430,Yes,22,0,0,No,No
431,Yes,22,0,0,Yes,No
432,No,21,0,0,No,No
433,No,31,0.5,0,Yes,No
434,Yes,26,0,10,Yes,No
435,Yes,27,0,0,No,No
436,Yes,30,0,0,No,No
437,No,29,0,4,Yes,No
438,Yes,23,1,0,Yes,No
439,Yes,27,0,0,Yes,No
440,Yes,28,0.5,23,Yes,No
441,Yes,31,2.5,0,Yes,No
442,No,26,0,0,Yes,No
443,No,25,0,0,Yes,No
444,Yes,26,0,0,Yes,No
445,Yes,19,1,0,Yes,No
446,Yes,26,0,4,Yes,No
447,No,28,0,0,No,No
448,No,18,0,0,Yes,No
449,No,21,0,0,No,No
450,No,25,0,0,Yes,No
451,Yes,26,0,0,Yes,No
452,Yes,27,0,0,Yes,No
453,Yes,28,0,4,No,No
454,Yes,26,0,0,No,No
455,Yes,27,0,4,Yes,No
456,Yes,27,0,0,Yes,No
457,Yes,22,0,0,No,No
458,No,21,0,0,Yes,No
459,Yes,20,0,4,Yes,No
460,Yes,29,0,0,No,No
461,No,27,0,0,Yes,No
462,Yes,23,0,0,Yes,No
463,Yes,25,0,0,No,No
464,Yes,22,0,0,Yes,No
465,Yes,33,1,16,Yes,No
466,No,26,0,0,Yes,No
467,Yes,21,0,0,No,No
468,Yes,30,1.5,0,Yes,No
469,Yes,22,0,0,Yes,No
470,Yes,29,0,6,Yes,No
471,Yes,21,0,0,No,No
472,No,25,0,0,Yes,No
473,Yes,23,0,0,Yes,No
474,No,19,0,0,No,No
475,Yes,26,0,0,No,No
476,No,23,0,0,Yes,No
477,Yes,20,0,0,No,No
478,No,22,0,0,Yes,No
479,Yes,25,0,4,Yes,No
480,Yes,23,0,4,Yes,No
481,No,28,0,0,Yes,No
482,Yes,23,0,0,Yes,No
483,Yes,29,0,7,Yes,No
484,Yes,19,0,0,Yes,No
485,Yes,28,0,8,Yes,No
486,Yes,21,0,0,Yes,No
487,Yes,26,0,0,No,No
488,Yes,22,0,0,Yes,No
489,Yes,24,0,0,Yes,No
490,Yes,25,0,6,Yes,No
491,Yes,28,0,4,Yes,No
492,Yes,28,0,4,Yes,No
493,No,25,0,0,No,No
494,No,23,0,0,No,No
495,Yes,23,0,0,Yes,No
496,Yes,23,0,0,Yes,No
497,Yes,31,0,0,Yes,No
498,Yes,24,0,4,Yes,No
499,Yes,31,0,0,Yes,No
500,Yes,21,0,0,Yes,No
501,No,16,0,0,Yes,No
502,No,21,0,0,No,No
503,Yes,27,0,0,No,No
504,Yes,34,2.5,0,No,No
505,Yes,32,0,0,Yes,No
506,No,20,0,0,No,No
507,Yes,23,0,0,Yes,No
508,Yes,23,1,4,No,No
509,No,22,0,0,Yes,No
510,Yes,25,0,23,Yes,No
511,Yes,24,0,0,Yes,No
512,Yes,30,0.5,4,Yes,No
513,Yes,28,0,4,Yes,No
514,No,24,0,11,No,No
515,Yes,27,0,8,Yes,No
516,Yes,30,1.75,0,Yes,No
517,Yes,26,0,0,Yes,No
518,Yes,24,0,0,Yes,No
519,Yes,18,0,0,No,No
520,Yes,24,0.125,0,Yes,No
521,No,30,0,8,Yes,No
522,No,22,1,0,Yes,No
523,Yes,25,0,0,Yes,No
524,Yes,31,2.5,31,Yes,No
525,Yes,25,2,4,Yes,No
526,Yes,26,0,0,Yes,No
527,Yes,28,0,4,Yes,No
528,Yes,30,0,4,Yes,No
529,No,23,0,0,Yes,No
530,Yes,24,0,11,Yes,No
531,No,19,0,0,No,No
532,Yes,33,0,8,Yes,No
533,No,20,0,0,No,No
534,No,24,0,0,Yes,No
535,No,16,0,0,Yes,No
536,No,27,0,0,Yes,No
537,No,14,0,0,Yes,No
538,No,27,0,0,Yes,No
539,Yes,31,1.5,41,Yes,No
540,No,24,0,0,No,No
541,No,29,0.5,15,Yes,No
542,Yes,29,0,4,No,No
543,No,24,0,0,Yes,No
544,No,28,0,17,Yes,No
545,Yes,26,0,14,Yes,No
546,No,28,0,0,No,No
547,Yes,27,0,0,Yes,No
548,Yes,24,0,0,Yes,No
549,No,27,0,0,No,No
550,Yes,24,0,0,Yes,No
551,Yes,24,0,0,Yes,No
552,Yes,30,2.5,0,Yes,No
553,Yes,17,0,0,No,No
554,No,14,0,0,Yes,No
555,Yes,21,0,4,No,No
556,No,22,0,0,Yes,No
557,Yes,30,1.5,13,No,No
558,Yes,21,0,0,No,No
559,Yes,31,1,11,Yes,No
560,Yes,22,0,0,Yes,No
561,Yes,23,0,0,Yes,No
562,Yes,25,0,0,Yes,No
563,Yes,25,0,0,Yes,No
564,Yes,23,0,0,No,No
565,Yes,29,2.5,11,Yes,No
566,No,22,0,0,Yes,No
567,No,26,0,0,No,No
568,Yes,32,2.5,11,Yes,No
569,Yes,25,0,0,Yes,No
570,Yes,19,0,0,Yes,No
571,Yes,29,0,4,No,No
572,No,26,1,0,Yes,No
573,Yes,31,0.5,21,Yes,No
574,Yes,31,0,10,Yes,No
575,Yes,29,4,8,Yes,No
576,No,17,0,0,Yes,No
577,Yes,27,0,0,No,No
578,Yes,24,0,0,Yes,No
579,Yes,29,0,30,Yes,No
580,No,25,0,0,Yes,No
581,Yes,19,0,0,No,No
582,No,25,0,0,Yes,No
583,Yes,24,0,0,No,No
584,Yes,24,0,0,Yes,No
585,Yes,30,0,4,Yes,No
586,No,16,0,0,Yes,Yes
587,No,23,0,0,No,No
588,Yes,25,2,4,Yes,No
589,Yes,25,0,0,Yes,No
590,Yes,14,0,0,No,No
591,Yes,21,0,0,Yes,No
592,No,21,0,0,No,No
593,Yes,23,0,0,Yes,No
594,No,29,0,4,Yes,No
595,Yes,24,0,0,Yes,No
596,Yes,33,1.75,0,Yes,No
597,Yes,23,0,0,No,No
598,Yes,27,0,7,Yes,No
599,Yes,33,0,35,Yes,No
600,Yes,27,0,0,Yes,No
601,No,29,0,0,No,No
602,No,24,0,0,No,No
603,Yes,23,1,0,Yes,No
604,No,32,0,10,Yes,No
605,Yes,19,0,0,No,No
606,Yes,29,0.5,4,Yes,No
607,No,24,0,4,No,No
608,Yes,26,0,0,Yes,No
609,No,18,0,0,No,No
610,Yes,21,0,0,Yes,No
611,No,13,0,0,Yes,Yes
612,No,30,0,0,Yes,No
613,Yes,24,0,0,Yes,No
614,Yes,25,0,0,No,No
615,Yes,29,0,25,Yes,No
616,Yes,22,0,0,No,No
617,Yes,21,0,0,Yes,No
618,Yes,27,0,0,Yes,No
619,Yes,28,0,0,No,No
620,Yes,25,1,23,Yes,No
621,Yes,24,0,0,No,No
622,Yes,29,0,0,Yes,No
623,Yes,21,1,0,Yes,No
624,Yes,25,0,0,Yes,No
625,No,22,0,0,No,No
626,No,30,0,0,Yes,No
627,Yes,30,0,19,Yes,No
628,Yes,29,0,0,Yes,No
629,No,19,0,0,No,No
630,Yes,28,0,4,Yes,No
631,Yes,31,0,4,Yes,No
632,Yes,21,0,0,Yes,No
633,Yes,23,0,0,No,No
634,No,26,0,0,Yes,No
635,Yes,26,0,13,Yes,No
636,Yes,26,0,0,Yes,No
637,Yes,29,0,0,Yes,No
638,Yes,19,0,0,No,No
639,No,28,0,0,Yes,No
640,Yes,27,0,0,Yes,No
641,Yes,25,0,0,Yes,No
642,Yes,23,0,0,No,No
643,Yes,26,0,13,Yes,No
644,No,19,0,0,Yes,No
645,No,14,0,0,Yes,No
646,Yes,25,0.5,8,Yes,No
647,Yes,22,0,0,Yes,No
648,No,27,0,0,No,No
649,Yes,23,0,0,Yes,No
650,Yes,27,1.5,4,Yes,No
651,No,31,0,0,No,No
652,Yes,18,0,0,No,No
653,No,17,0,0,No,No
654,Yes,34,4,4,Yes,No
655,Yes,23,0,0,Yes,No
656,No,17,0,0,Yes,No
657,Yes,23,1,4,Yes,No
658,Yes,22,0,6,Yes,No
659,Yes,29,1.5,8,Yes,No
660,Yes,24,0,0,No,No
661,Yes,23,0,0,Yes,No
662,No,17,0,0,No,No
663,Yes,26,0,0,Yes,No
664,Yes,22,0,0,No,No
665,Yes,26,0,0,Yes,No
666,Yes,24,0,0,Yes,No
667,Yes,23,0,0,Yes,No
668,No,12,0,0,No,No
669,Yes,27,0.5,0,Yes,No
670,Yes,31,0,12,Yes,No
671,Yes,21,0,0,No,No
672,No,23,0,0,Yes,No
673,No,33,0,4,Yes,No
674,No,23,0,0,No,No
675,Yes,27,1.5,4,Yes,No
676,Yes,30,0,11,No,No
677,Yes,20,0,0,Yes,No
678,No,23,0,0,Yes,No
679,Yes,30,0,8,Yes,No
680,No,20,0,0,No,No
681,Yes,23,0,0,No,No
682,No,14,0,0,No,No
683,Yes,27,0,0,Yes,No
684,Yes,28,0,0,Yes,No
685,No,25,0,0,Yes,No
686,Yes,28,0,12,Yes,No
687,No,26,0,0,Yes,No
688,Yes,27,0,0,Yes,No
689,No,24,0,0,No,No
690,No,25,0,4,No,No
691,Yes,22,0,0,Yes,No
692,Yes,27,2.5,4,Yes,No
693,No,27,0,6,Yes,No
694,Yes,32,1.5,4,Yes,No
695,Yes,26,0,21,Yes,No
696,No,28,0,10,Yes,No
697,No,24,0,0,Yes,No
698,Yes,29,0,12,No,No
699,Yes,25,0,0,Yes,No
700,Yes,21,0,0,Yes,No
701,Yes,14,0,0,No,No
702,No,17,0,0,No,No
703,Yes,25,0,0,Yes,No
704,Yes,30,0,4,Yes,No
705,No,18,0,0,No,No
706,Yes,24,0,0,No,No
707,Yes,30,1.5,0,Yes,No
708,No,27,0,0,Yes,No
709,Yes,25,0,0,Yes,No
710,Yes,26,0,7,No,No
711,Yes,27,0,0,Yes,No
712,Yes,23,1.5,0,Yes,No
713,Yes,18,0,0,Yes,No
714,Yes,25,0,8,No,No
715,No,23,0,0,No,No
716,Yes,23,0,0,No,No
717,Yes,25,0,0,No,No
718,Yes,30,0.5,15,Yes,No
719,No,21,0,0,Yes,No
720,Yes,19,0,0,No,No
721,Yes,19,0,4,Yes,No
722,Yes,21,0,0,Yes,No
723,No,15,0,0,Yes,No
724,Yes,26,0,0,Yes,No
725,No,29,0,4,Yes,No
726,Yes,30,0,0,Yes,No
727,Yes,20,0,0,No,No
728,Yes,23,0,0,No,No
729,Yes,25,0,0,Yes,No
730,Yes,22,0,0,No,No
731,Yes,29,0,0,Yes,No
732,No,24,0,10,Yes,No
733,Yes,28,0,0,Yes,No
734,Yes,31,0,45,Yes,No
735,Yes,20,0,0,No,No
736,No,22,0,0,No,No
737,No,24,0,4,Yes,No
738,Yes,29,0,13,Yes,No
739,Yes,26,0,4,Yes,No
740,No,13,0,0,No,No
741,Yes,27,0,7,Yes,No
742,Yes,20,0,0,Yes,No
743,Yes,20,0,0,Yes,No
744,No,22,0,0,No,No
745,No,24,0,0,No,No
746,No,27,0,0,Yes,No
747,Yes,24,0,0,Yes,No
748,No,22,0,0,No,No
749,Yes,21,0,0,Yes,No
750,Yes,27,0,7,Yes,No
751,No,22,0,0,No,No
752,Yes,23,0,0,No,No
753,No,14,0,0,No,No
754,Yes,22,0,0,No,No
755,Yes,27,0,0,No,No
756,Yes,23,0,0,Yes,No
757,No,20,0,0,No,No
758,Yes,18,0,0,No,No
759,Yes,29,0,0,No,No
760,Yes,27,0,4,Yes,No
761,Yes,31,2.75,11,Yes,No
762,Yes,22,0,0,No,No
763,No,24,0,0,Yes,No
764,Yes,28,2.5,0,Yes,No
765,Yes,23,0,0,No,No
766,No,26,0,0,Yes,No
767,Yes,27,0,4,Yes,No
768,Yes,28,0,4,Yes,No
769,Yes,17,1,6,No,No
770,Yes,29,0,0,Yes,No
771,Yes,23,0,0,Yes,No
772,Yes,24,0,0,No,No
773,No,22,0,0,Yes,No
774,No,31,2.5,0,Yes,No
775,Yes,26,0,8,Yes,No
776,No,23,0,0,Yes,No
777,No,35,2.5,39,Yes,No
778,Yes,26,0,4,Yes,No
779,Yes,29,0,12,Yes,No
780,Yes,27,0,0,Yes,No
781,Yes,20,0,0,No,No
782,Yes,24,0,0,No,No
783,Yes,20,0,0,Yes,No
784,Yes,15,0,0,Yes,No
785,Yes,21,2.25,4,Yes,No
786,Yes,23,0.5,0,Yes,No
787,Yes,17,0,0,Yes,No
788,Yes,24,0,0,Yes,No
789,Yes,20,0,0,Yes,No
790,Yes,26,0,0,Yes,No
791,Yes,31,0,6,Yes,No
792,Yes,18,0,0,No,No
793,No,24,0,6,Yes,No
794,Yes,27,0,23,Yes,No
795,Yes,27,0,4,Yes,No
796,Yes,20,0,0,No,No
797,Yes,18,0,0,No,Yes
798,Yes,28,1.5,10,Yes,No
799,Yes,30,0,4,Yes,No
800,Yes,32,0,0,Yes,No
801,No,26,0,0,Yes,No
802,No,31,0,4,No,No
803,Yes,30,0,31,Yes,No
804,No,21,0,0,Yes,No
805,Yes,19,0,0,Yes,No
806,Yes,18,0,0,Yes,No
807,Yes,24,0,8,Yes,No
808,No,27,0,0,No,No
809,Yes,23,0,0,Yes,No
810,Yes,29,0.5,0,Yes,No
811,Yes,28,1.5,0,Yes,No
812,Yes,20,0,0,No,No
813,Yes,28,0,0,Yes,No
814,Yes,22,0,0,Yes,No
815,No,22,0,0,Yes,No
816,Yes,26,1,0,Yes,No
817,Yes,24,0,0,No,No
818,Yes,24,0,0,Yes,No
819,Yes,29,0,0,No,No
820,Yes,22,0,0,Yes,No
821,No,23,0,0,Yes,No
822,Yes,19,0,0,No,No
823,Yes,27,0,7,Yes,No
824,Yes,23,0,0,No,No
825,No,22,0,0,Yes,No
826,No,23,0,0,Yes,No
827,Yes,19,0,0,Yes,No
828,Yes,24,0,0,Yes,No
829,Yes,24,0,0,No,No
830,Yes,27,0,4,Yes,No
831,Yes,24,0,0,No,No
832,No,14,0,0,Yes,No
833,Yes,22,2.75,0,Yes,No
834,No,18,0,0,No,Yes
835,No,30,0,7,Yes,No
836,Yes,29,0,0,Yes,No
837,Yes,25,0,0,Yes,No
838,Yes,23,0,0,No,No
839,Yes,28,0,35,Yes,No
840,Yes,22,0,0,Yes,No
841,Yes,15,0,0,No,No
842,Yes,21,0,4,Yes,No
843,Yes,22,0,0,No,No
844,No,23,0,0,No,No
845,Yes,27,1.5,0,Yes,No
846,Yes,28,0,12,Yes,No
847,Yes,29,0,0,Yes,No
848,Yes,19,0,0,No,No
849,Yes,30,0,8,Yes,No
850,Yes,28,0,0,No,No
851,No,28,0,0,Yes,No
852,Yes,31,1.5,0,Yes,No
853,Yes,27,1.5,4,Yes,No
854,Yes,26,0,10,Yes,No
855,No,26,0,0,No,No
856,Yes,25,0,7,Yes,No
857,Yes,34,4,0,Yes,No
858,Yes,26,0,4,Yes,No
859,No,24,0,0,Yes,No
860,No,25,0,6,No,No
861,Yes,23,0,0,Yes,No
862,Yes,26,0,0,No,No
863,Yes,33,1,31,Yes,No
864,Yes,31,0,4,Yes,No
865,No,24,0,0,No,No
866,Yes,27,0,4,Yes,No
867,Yes,34,0,0,Yes,No
868,Yes,23,0,0,Yes,No
869,Yes,24,0,0,No,No
870,Yes,22,0,0,Yes,No
871,No,17,0,0,Yes,No
872,No,20,0,0,Yes,No
873,No,22,0,6,No,No
874,Yes,34,1.5,14,Yes,No
875,Yes,28,2.5,0,Yes,No
876,No,25,0,0,Yes,No
877,Yes,25,0,0,Yes,No
878,No,23,0,0,Yes,No
879,No,22,0,0,Yes,No
880,Yes,19,0,0,Yes,No
881,Yes,23,0,0,Yes,No
882,No,28,0,0,Yes,No
883,Yes,28,0,8,Yes,No
884,Yes,22,0,0,Yes,No
885,Yes,31,1,12,Yes,No
886,No,25,0,0,No,No
887,Yes,30,0,0,Yes,No
888,Yes,27,0,0,No,No
889,Yes,27,0,0,No,No
890,Yes,29,0,11,Yes,No
891,Yes,18,0,0,No,No
892,Yes,25,0,0,No,No
893,Yes,26,0,12,Yes,No
894,No,21,0,0,No,No
895,Yes,20,0,0,Yes,No
896,No,22,0,0,Yes,No
897,Yes,27,0,0,Yes,No
898,Yes,26,0,0,Yes,No
899,Yes,23,0,0,Yes,No
900,Yes,27,0,10,Yes,No
901,No,20,0,0,No,No
902,Yes,28,0,0,Yes,No
903,Yes,28,1,0,Yes,No
904,Yes,29,2.5,0,Yes,No
905,No,32,1.5,28,Yes,No
906,Yes,26,0,4,Yes,No
907,Yes,22,0,0,No,No
908,Yes,24,0,0,No,No
909,No,31,0.5,34,No,No
910,Yes,22,0,0,No,No
911,Yes,28,0,0,Yes,No
912,Yes,26,0,6,Yes,No
913,Yes,33,0,11,Yes,No
914,Yes,18,0,0,No,No
915,Yes,27,0,0,No,No
916,Yes,32,2.5,11,Yes,No
917,Yes,26,0,0,No,No
918,Yes,27,0,0,Yes,No
919,Yes,30,2.5,17,Yes,No
920,No,22,0,0,Yes,No
921,No,21,0,0,No,No
922,Yes,26,5,0,Yes,No
923,No,26,0,16,Yes,No
924,Yes,22,0,0,Yes,No
925,Yes,22,0,0,Yes,No
926,Yes,22,0,0,No,No
927,Yes,25,0,0,No,No
928,Yes,29,0,0,Yes,No
929,Yes,27,0,0,Yes,No
930,Yes,23,1,0,Yes,No
931,No,28,0,0,No,No
932,Yes,28,0.5,10,Yes,No
933,Yes,28,0,0,Yes,Yes
934,No,25,0,0,Yes,No
935,Yes,29,0.5,0,Yes,No
936,No,21,0,0,Yes,No
937,Yes,26,0,0,Yes,No
938,Yes,25,0,0,Yes,No
939,Yes,31,0,12,Yes,No
940,Yes,24,0,0,Yes,No
941,Yes,15,0,0,No,No
942,No,27,0,0,No,No
943,No,29,0,0,No,No
944,Yes,27,0,0,No,No
945,No,16,0,0,No,No
946,Yes,28,0,17,Yes,No
947,Yes,21,0,0,No,No
948,Yes,19,0,0,Yes,No
949,Yes,29,0,4,Yes,No
950,No,30,1.5,0,Yes,No
951,Yes,17,0,0,Yes,No
952,Yes,30,2.5,4,Yes,No
953,Yes,31,0,14,Yes,No
954,Yes,33,1,25,Yes,No
955,Yes,20,0,0,Yes,No
956,Yes,24,0,0,Yes,No
957,Yes,25,0,4,No,No
958,Yes,27,2.5,11,No,No
959,Yes,34,0.5,12,Yes,No
960,No,25,0,0,No,No
961,Yes,26,0,0,Yes,No
962,Yes,23,0,0,Yes,No
963,Yes,23,0,0,Yes,No
964,No,29,0,0,Yes,No
965,Yes,21,0,0,Yes,No
966,No,25,0,0,Yes,No
967,Yes,30,0,11,Yes,No
968,Yes,32,1.5,8,Yes,No
969,Yes,25,0,0,Yes,No
970,No,23,0,0,Yes,No
971,Yes,31,1.5,39,Yes,No
972,Yes,29,0,16,No,No
973,Yes,25,0,0,No,No
974,No,25,0,0,No,No
975,Yes,25,0,11,Yes,No
976,Yes,31,0,8,No,No
977,Yes,15,0,0,No,No
978,Yes,26,0,0,Yes,No
979,Yes,31,2.5,7,Yes,No
980,Yes,23,0,7,Yes,No
981,No,19,0,0,Yes,No
982,Yes,19,0,0,No,No
983,No,19,0,0,No,No
984,Yes,28,0,8,Yes,No
985,Yes,14,0,0,No,No
986,Yes,23,0,0,Yes,No
987,No,29,0,21,Yes,No
988,Yes,21,0,0,Yes,No
989,Yes,24,0,0,Yes,No
990,No,11,0,0,No,Yes
991,Yes,19,0,0,No,No
992,No,24,0,0,Yes,No
993,No,25,0,0,Yes,No
994,Yes,30,0,0,Yes,No
995,Yes,21,0,0,No,No
996,Yes,20,0,0,No,No
997,Yes,23,0,0,No,Yes
998,No,15,0,0,No,No
999,Yes,27,1,4,Yes,No
1000,No,25,0,0,Yes,No
1001,Yes,21,0,0,No,No
1002,Yes,24,0.75,4,Yes,No
1003,Yes,34,0,19,Yes,No
1004,No,26,0,17,Yes,No
1005,Yes,25,0,0,No,No
1006,No,17,0,0,No,No
1007,Yes,23,0,0,No,No
1008,Yes,28,0,0,Yes,No
1009,No,24,0,0,No,No
1010,Yes,25,0,7,Yes,No
1011,No,19,0,0,Yes,No
1012,No,27,0,17,Yes,No
1013,Yes,33,0,0,Yes,Yes
1014,Yes,25,0,4,No,No
1015,No,23,0,0,Yes,Yes
1016,Yes,28,0,0,Yes,No
1017,No,21,0,0,No,No
1018,Yes,30,0,0,Yes,No
1019,Yes,23,0,0,Yes,No
1020,No,25,0,0,Yes,No
1021,Yes,26,0,4,Yes,No
1022,Yes,23,0,0,Yes,No
1023,Yes,27,0,0,Yes,No
1024,Yes,19,0,0,No,No
1025,Yes,22,0,6,Yes,No
1026,Yes,24,0,0,Yes,No
1027,Yes,20,0,0,Yes,No
1028,No,28,0,4,Yes,No
1029,Yes,23,0,0,Yes,No
1030,Yes,27,0,21,Yes,No
1031,Yes,31,1.5,0,Yes,No
1032,Yes,25,0,21,Yes,No
1033,Yes,26,0,0,Yes,No
1034,Yes,28,0,0,Yes,No
1035,Yes,26,1,0,No,No
1036,Yes,24,0,7,Yes,No
1037,No,20,0,0,No,No
1038,No,21,0,0,No,No
1039,Yes,22,0,0,Yes,No
1040,No,17,0,0,Yes,No
1041,Yes,28,0,0,Yes,No
1042,Yes,26,0,0,Yes,No
1043,No,22,0,0,No,No
1044,Yes,30,1.5,13,Yes,No
1045,Yes,30,0,11,Yes,No
1046,No,16,0,0,No,No
1047,Yes,27,0,12,Yes,No
1048,Yes,27,0,0,Yes,No
1049,Yes,27,0,11,Yes,No
1050,Yes,27,0,4,Yes,No
1051,No,17,0,0,No,No
1052,Yes,26,0,0,Yes,No
1053,Yes,26,0,0,Yes,No
1054,Yes,29,0,0,Yes,No
1055,Yes,22,0,0,Yes,No
1056,Yes,24,0,0,No,No
1057,No,17,0,0,No,No
1058,Yes,24,0,0,Yes,No
1059,No,15,0,0,No,No
1060,Yes,24,0,0,No,No
1061,Yes,20,0,0,Yes,No
1062,Yes,26,0,8,No,No
1063,Yes,21,0,0,No,No
1064,Yes,26,0,0,Yes,No
1065,No,25,0,0,No,No
1066,Yes,21,0,0,No,No
1067,Yes,24,0,0,Yes,No
1068,No,28,0,0,Yes,No
1069,Yes,26,0,11,Yes,No
1070,Yes,23,0,0,No,No
1071,Yes,25,0,7,Yes,No
1072,Yes,23,0,0,Yes,No
1073,Yes,29,0,0,Yes,No
1074,Yes,20,0,0,Yes,No
1075,Yes,21,0,4,No,No
1076,Yes,21,0,0,No,No
1077,Yes,23,0,0,Yes,No
1078,Yes,26,0,0,Yes,No
1079,No,32,0.5,19,Yes,No
1080,No,23,0,0,No,No
1081,No,23,0,0,No,No
1082,Yes,30,0,21,Yes,No
1083,Yes,22,0,0,No,No
1084,Yes,29,0,25,Yes,No
1085,Yes,29,1.5,8,Yes,No
1086,No,21,1.5,0,No,No
1087,Yes,25,0,0,Yes,No
1088,No,28,0,0,No,No
1089,Yes,22,0,4,Yes,No
1090,Yes,24,0,0,Yes,No
1091,Yes,30,1.5,0,Yes,No
1092,Yes,27,0,0,Yes,No
1093,Yes,27,0.5,0,Yes,No
1094,No,25,0,0,Yes,No
1095,No,24,0,0,Yes,No
1096,Yes,28,0,8,Yes,No
1097,Yes,18,0,4,Yes,No
1098,No,26,0,0,No,No
1099,No,23,0,0,No,No
1100,Yes,28,0,0,Yes,No
1101,Yes,28,1,22,Yes,No
1102,No,25,0,0,No,No
1103,Yes,26,0,10,No,No
1104,Yes,27,0,7,Yes,No
1105,Yes,26,0,0,Yes,No
1106,Yes,25,0,4,Yes,No
1107,Yes,23,0,0,Yes,No
1108,Yes,23,0,4,Yes,No
1109,Yes,28,0,0,Yes,No
1110,Yes,26,0,0,No,No
1111,Yes,26,0,0,No,No
1112,No,24,0,0,No,No
1113,Yes,23,0,0,Yes,No
1114,Yes,17,0,0,No,No
1115,Yes,24,0,6,No,No
1116,Yes,25,0,0,No,No
1117,Yes,26,0,4,Yes,No
1118,Yes,22,0,0,No,No
1119,Yes,26,0,26,No,No
1120,Yes,25,0,0,No,No
1121,No,15,0,0,Yes,No
1122,No,22,0,0,Yes,No
1123,Yes,21,0,0,No,No
1124,Yes,20,0,0,Yes,No
1125,Yes,24,0,0,Yes,No
1126,No,27,0,0,No,No
1127,Yes,26,0,4,Yes,No
1128,No,25,0,4,Yes,Yes
1129,No,21,0,0,No,Yes
1130,Yes,23,0,0,Yes,No
1131,No,26,0,0,Yes,No
1132,No,26,0,0,Yes,No
1133,Yes,27,0,0,Yes,No
1134,Yes,29,0,0,Yes,No
1135,Yes,25,0,0,Yes,No
1136,Yes,29,0,6,Yes,No
1137,No,24,0,0,No,No
1138,Yes,21,0,0,Yes,No
1139,Yes,21,0,0,No,No
1140,Yes,33,0,0,Yes,Yes
1141,No,26,0,0,No,No
1142,Yes,22,0,0,Yes,No
1143,No,22,0,0,No,No
1144,No,15,0,0,No,No
1145,Yes,25,0,0,Yes,No
1146,Yes,29,1.5,8,Yes,No
1147,Yes,22,0,0,No,No
1148,Yes,24,0,0,Yes,No
1149,Yes,31,0.25,19,Yes,No
1150,No,18,0,0,No,No
1151,Yes,21,0,4,No,No
1152,Yes,25,0.125,3,No,No
1153,Yes,30,2.5,11,Yes,No
1154,No,25,0,0,No,No
1155,Yes,20,0,0,No,No
1156,No,25,0,0,No,No
1157,Yes,24,0,0,Yes,No
1158,Yes,21,0,0,Yes,No
1159,Yes,21,2,0,No,No
1160,Yes,32,2.5,0,Yes,No
1161,Yes,25,1,0,Yes,No
1162,Yes,24,0,0,Yes,No
1163,Yes,27,0,6,Yes,No
1164,Yes,28,0,0,Yes,No
1165,Yes,23,0,4,Yes,No
1166,Yes,27,1,0,Yes,No
1167,Yes,23,0,0,No,No
1168,Yes,26,0,11,Yes,No
1169,Yes,25,0,0,Yes,No
1170,Yes,21,0,0,Yes,No
1171,Yes,26,0,6,Yes,No
1172,Yes,26,0,8,Yes,No
1173,Yes,27,0,11,Yes,No
1174,Yes,21,0,0,No,No
1175,Yes,22,0,0,Yes,No
1176,Yes,31,0,4,Yes,No
1177,No,25,0,0,No,No
1178,No,25,1,0,Yes,No
1179,Yes,30,2.5,0,Yes,No
1180,Yes,23,0,4,No,No
1181,Yes,30,1.5,0,Yes,No
1182,Yes,29,0,39,Yes,No
1183,Yes,22,0,0,No,No
1184,Yes,29,0,0,Yes,No
1185,Yes,28,0,0,Yes,No
1186,Yes,30,0,13,Yes,No
1187,Yes,26,0,0,Yes,No
1188,No,25,0,0,No,No
1189,No,22,0,0,Yes,No
1190,Yes,31,0,0,Yes,No
1191,Yes,24,0,0,No,No
1192,Yes,22,0,0,No,No
1193,Yes,24,0,0,Yes,No
1194,Yes,23,0,0,No,No
1195,Yes,26,0,13,Yes,No
1196,Yes,24,0,4,No,No
1197,No,33,0,4,No,No
1198,Yes,30,0,10,Yes,No
1199,No,18,0,0,Yes,No
1200,Yes,27,0,0,No,No
1201,Yes,26,0,0,Yes,No
1202,Yes,26,0,8,Yes,No
1203,Yes,27,0,0,Yes,No
1204,No,20,0,0,No,No
1205,Yes,25,0,0,Yes,No
1206,No,15,0,0,No,No
1207,No,21,0,0,No,No
1208,Yes,33,1.5,17,Yes,No
1209,Yes,23,0,0,Yes,No
1210,Yes,28,0,0,Yes,No
1211,Yes,21,0,0,No,No
1212,Yes,20,0,6,No,No
1213,Yes,22,0,0,No,No
1214,Yes,29,0,0,Yes,No
1215,Yes,24,0,0,Yes,No
1216,Yes,28,0,8,Yes,No
1217,Yes,25,0,0,Yes,No
1218,Yes,28,0,0,Yes,No
1219,Yes,22,1,0,Yes,No
1220,Yes,25,0,0,Yes,No
1221,Yes,24,0,0,Yes,No
1222,Yes,24,0,0,No,No
1223,Yes,26,1.25,17,Yes,No
1224,Yes,30,0,12,Yes,No
1225,Yes,24,0,7,Yes,No
1226,Yes,26,0,7,No,No
1227,Yes,29,0,24,Yes,No
1228,No,21,0,0,No,No
1229,Yes,25,0.5,12,Yes,No
1230,Yes,20,0,0,Yes,No
1231,Yes,24,0,0,Yes,No
1232,Yes,25,0,0,No,No
1233,Yes,25,0,0,Yes,No
1234,No,15,0,0,Yes,No
1235,No,26,0,30,Yes,No
1236,Yes,33,0,25,Yes,No
1237,Yes,24,0,0,Yes,No
1238,No,32,0,0,Yes,No
1239,Yes,32,0,4,Yes,No
1240,No,15,0,0,Yes,No
1241,Yes,33,0.5,0,Yes,No
1242,Yes,21,0,0,No,No
1243,Yes,22,0,0,Yes,No
1244,No,25,0,0,Yes,No
1245,Yes,21,0,0,No,No
1246,Yes,24,0,0,Yes,No
1247,Yes,20,0,0,Yes,No
1248,No,27,1.5,0,Yes,No
1249,Yes,25,0,7,Yes,No
1250,Yes,24,0,0,No,No
1251,Yes,23,0,12,Yes,No
1252,Yes,26,0,0,No,No
1253,No,30,0,11,Yes,No
1254,Yes,27,0,4,Yes,No
1255,Yes,29,1.5,4,Yes,No
1256,Yes,29,1.5,0,Yes,No
1257,Yes,27,0,0,Yes,No
1258,Yes,27,0,4,Yes,No
1259,Yes,25,0,0,No,No
1260,Yes,30,0,12,Yes,No
1261,Yes,32,0,0,Yes,No
1262,Yes,26,0,12,Yes,No
1263,Yes,28,0,0,Yes,No
1264,Yes,19,0,0,Yes,No
1265,Yes,29,0,0,Yes,No
1266,No,22,0,0,Yes,No
1267,No,17,0,0,Yes,No
1268,No,24,0,0,No,No
1269,Yes,26,0,0,Yes,No
1270,Yes,29,0,11,Yes,No
1271,Yes,26,0,0,Yes,No
1272,Yes,24,0,0,Yes,No
1273,No,22,0,0,No,No
1274,Yes,18,0,0,No,No
1275,Yes,24,0,0,Yes,No
1276,Yes,20,0,0,Yes,Yes
1277,No,16,0,0,Yes,No
1278,No,24,0,0,Yes,No
1279,Yes,26,0,4,Yes,No
1280,Yes,27,0,0,Yes,No
1281,Yes,25,0,0,Yes,No
1282,Yes,26,0,4,Yes,No
1283,Yes,23,0,0,Yes,No
1284,Yes,23,0,0,Yes,No
1285,Yes,26,0,0,Yes,No
1286,Yes,27,0,4,Yes,No
1287,No,27,0,0,No,No
1288,Yes,30,0,31,Yes,No
1289,Yes,21,0,0,Yes,No
1290,Yes,20,0,0,No,No
1291,Yes,27,0,7,Yes,No
1292,Yes,23,0,4,Yes,No
1293,Yes,20,0,0,No,No
1294,Yes,27,0,0,Yes,No
1295,No,22,0,0,No,No
1296,Yes,26,0,4,No,No
1297,Yes,30,1.5,0,Yes,No
1298,Yes,32,0,59,Yes,No
1299,Yes,32,0,35,Yes,No
1300,No,25,0,0,No,No
1301,Yes,19,0,0,Yes,No
1302,Yes,20,1.625,4,Yes,Yes
1303,Yes,29,0,0,Yes,No
1304,Yes,32,3.25,0,Yes,No
1305,No,19,0,0,Yes,No
1306,No,20,0,0,No,No
1307,No,20,0,0,No,No
1308,Yes,30,0,0,Yes,No
1309,No,22,0,0,No,No
1310,No,26,0,0,Yes,No
1311,No,30,0,0,Yes,No
1312,Yes,28,0,0,Yes,No
1313,Yes,28,3,0,Yes,No
1314,Yes,29,0,12,Yes,No
1315,Yes,24,0,0,Yes,No
1316,No,15,0,0,No,No
1317,Yes,26,1,22,Yes,No
1318,Yes,23,0,0,Yes,No
1319,Yes,32,1,11,Yes,No
1320,Yes,25,0,0,Yes,No
1321,Yes,19,0,0,Yes,No
1322,Yes,25,0,0,Yes,No
1323,Yes,29,0,8,Yes,No
1324,Yes,26,0,0,Yes,No
1325,No,16,0,0,No,No
1326,Yes,17,0,0,No,No
1327,Yes,30,0,0,Yes,No
1328,Yes,25,0,4,Yes,No
1329,No,23,0,0,Yes,No
1330,Yes,24,1,0,Yes,No
1331,Yes,24,0,0,No,No
1332,Yes,26,0,0,Yes,No
1333,Yes,29,1.5,0,Yes,No
1334,Yes,32,1.5,0,Yes,No
1335,Yes,24,0,0,Yes,No
1336,Yes,26,0,0,Yes,No
1337,Yes,24,0,0,Yes,No
1338,Yes,25,0,4,Yes,No
1339,Yes,15,0,0,Yes,No
1340,Yes,23,0,4,Yes,No
1341,Yes,24,0,4,Yes,No
1342,Yes,18,0,0,Yes,No
1343,Yes,34,0.5,31,Yes,No
1344,Yes,24,0,20,Yes,No
1345,Yes,26,0,0,No,No
1346,Yes,19,0,0,No,No
1347,Yes,24,0,14,No,No
1348,No,25,1,8,Yes,No
1349,Yes,26,0,0,Yes,No
1350,Yes,21,0,0,Yes,No
1351,Yes,31,0,0,Yes,No
1352,Yes,26,0,0,No,No
1353,Yes,26,1,0,Yes,No
1354,Yes,20,0,4,No,No
1355,No,16,0,0,Yes,No
1356,No,26,0,0,Yes,No
1357,Yes,35,0,0,Yes,No
1358,Yes,23,0,0,Yes,No
1359,No,28,0,0,Yes,No
1360,Yes,19,0,0,No,No
1361,Yes,25,0,0,Yes,No
1362,Yes,30,1.5,31,Yes,No
1363,Yes,22,0,0,No,No
1364,Yes,23,0,0,Yes,No
1365,Yes,26,0,13,Yes,No
1366,No,29,0,0,No,No
1367,Yes,14,0,4,No,Yes
1368,Yes,15,0,0,No,No
1369,No,22,0,0,No,No
1370,Yes,26,0,4,Yes,No
1371,Yes,26,0,30,Yes,No
1372,Yes,22,0,0,No,No
1373,Yes,15,0,0,No,No
1374,No,21,0,0,No,No
1375,Yes,25,0,0,Yes,No
1376,Yes,30,2,0,Yes,No
1377,No,28,0,0,Yes,No
1378,Yes,19,1.5,0,No,No
1379,Yes,21,0,0,Yes,No
1380,No,25,0,0,Yes,No
1381,Yes,27,0,4,Yes,No
1382,Yes,25,0,0,Yes,No
1383,Yes,25,0,0,No,No
1384,No,25,0,0,Yes,No
1385,No,22,0,0,No,No
1386,No,25,0,0,Yes,No
1387,Yes,29,0,0,Yes,No
1388,Yes,24,0,0,No,No
1389,No,25,0,0,Yes,No
1390,No,25,0,0,No,No
1391,Yes,30,0,15,Yes,No
1392,Yes,24,0,0,No,No
1393,Yes,17,0,0,No,No
1394,Yes,20,0,0,No,No
1395,Yes,22,0,0,Yes,No
1396,No,27,0,0,Yes,No
1397,Yes,24,0,0,Yes,No
1398,Yes,24,0,0,No,Yes
1399,Yes,15,0,0,No,No
1400,Yes,24,0,6,Yes,No
1401,Yes,27,1,0,Yes,No
1402,Yes,32,0,10,Yes,No
1403,Yes,31,0,31,No,No
1404,Yes,18,0,0,No,No
1405,Yes,31,2.5,24,Yes,No
1406,Yes,23,0,10,Yes,No
1407,Yes,31,0,0,Yes,No
1408,No,30,0,0,No,No
1409,Yes,20,0,0,Yes,No
1410,Yes,20,0,0,Yes,No
1411,Yes,24,0,0,Yes,No
1412,No,21,1,0,Yes,No
1413,Yes,23,0,0,Yes,No
1414,Yes,26,0,4,Yes,No
1415,No,25,0,0,Yes,No
1416,No,21,0,0,Yes,No
1417,Yes,30,1.5,11,Yes,No
1418,Yes,20,0,0,Yes,No
1419,Yes,26,0,8,Yes,No
1420,Yes,26,0,11,Yes,No
1421,Yes,25,1.5,0,No,No
1422,Yes,25,0,4,Yes,No
1423,Yes,30,0,0,Yes,No
1424,Yes,18,0,0,No,No
1425,Yes,34,0.5,47,Yes,No
1426,Yes,30,0,21,Yes,No
1427,No,30,0,8,No,No
1428,No,28,0,0,Yes,No
1429,No,27,0,7,Yes,No
1430,Yes,28,0,16,Yes,No
1431,Yes,26,0.75,0,Yes,No
1432,No,28,0,0,Yes,No
1433,Yes,29,1,0,Yes,No
1434,Yes,31,1,10,Yes,No
1435,Yes,25,0,0,Yes,No
1436,Yes,33,4,4,Yes,No
1437,Yes,23,0,0,Yes,No
1438,Yes,26,0,4,Yes,No
1439,Yes,27,0,0,Yes,No
1440,No,26,0,0,Yes,No
1441,Yes,27,0,8,No,No
1442,Yes,29,0,0,Yes,No
1443,Yes,22,0,0,Yes,No
1444,No,22,0,0,No,Yes
1445,No,27,0,0,Yes,No
1446,Yes,20,0,0,Yes,No
1447,Yes,24,0,7,Yes,No
1448,No,25,0,12,Yes,No
1449,Yes,25,0,0,Yes,No
1450,Yes,21,0,0,Yes,No
1451,Yes,24,0,0,Yes,No
1452,No,20,0,0,No,No
1453,No,20,0,0,No,No
1454,Yes,21,1,0,Yes,No
1455,Yes,27,0,13,Yes,No
1456,No,29,0,0,No,No
1457,Yes,20,0,0,No,No
1458,No,23,0,0,No,No
1459,Yes,21,0,0,Yes,No
1460,Yes,26,0,0,Yes,No
1461,No,19,0,0,No,No
1462,Yes,26,0,6,No,No
1463,No,17,0,0,No,No
1464,Yes,20,0,0,Yes,No
1465,Yes,25,0,4,No,No
1466,Yes,27,0,0,No,No
1467,Yes,20,0,0,Yes,No
1468,No,21,0,0,Yes,No
1469,No,27,0,0,Yes,No
1470,No,30,0,6,Yes,No
1471,Yes,29,0.5,0,Yes,No
1472,Yes,25,1,0,Yes,No
1473,No,19,0,0,No,No
1474,Yes,26,0,0,No,No
1475,Yes,25,0,4,No,No
1476,Yes,23,0,0,No,No
1477,Yes,26,0,0,Yes,No
1478,Yes,22,0,0,No,No
1479,Yes,25,0,0,No,No
1480,No,19,0,0,No,No
1481,Yes,31,1.5,12,Yes,No
1482,No,19,0,0,No,No
1483,Yes,24,0,0,Yes,No
1484,No,19,0,0,Yes,No
1485,Yes,24,1.5,4,Yes,No
1486,No,21,0,0,Yes,Yes
1487,Yes,33,1.5,11,Yes,No
1488,Yes,29,0,0,Yes,No
1489,Yes,24,0,0,Yes,No
1490,Yes,20,0,0,Yes,No
1491,Yes,24,0,0,Yes,No
1492,Yes,24,0,0,Yes,No
1493,Yes,26,0,3,Yes,No
1494,Yes,29,0,4,Yes,No
1495,Yes,29,0,4,Yes,No
1496,Yes,26,0,0,No,No
1497,Yes,25,0,0,No,No
1498,Yes,25,1,11,Yes,No
1499,Yes,32,0,15,Yes,No
1500,No,30,0,4,Yes,No
1501,No,24,0,6,No,No
1502,No,20,0,0,No,No
1503,Yes,29,1,10,Yes,No
1504,Yes,24,0,0,No,No
1505,No,20,0,0,Yes,No
1506,Yes,22,0,0,Yes,No
1507,Yes,27,1.5,30,Yes,No
1508,No,27,0,0,No,No
1509,Yes,26,0,0,Yes,No
1510,Yes,20,0,0,Yes,No
1511,Yes,32,1,7,Yes,No
1512,Yes,33,0.5,6,Yes,No
1513,Yes,24,0,4,No,No
1514,Yes,28,0,0,Yes,No
1515,Yes,19,0,0,No,No
1516,Yes,27,0,0,Yes,No
1517,Yes,28,0,8,Yes,No
1518,Yes,27,0,0,Yes,No
1519,Yes,26,0,10,No,No
1520,Yes,21,0,0,Yes,No
1521,Yes,29,0,11,Yes,No
1522,Yes,20,0,0,Yes,No
1523,Yes,31,0.5,0,No,No
1524,Yes,26,0,0,No,No
1525,Yes,27,0,4,No,No
1526,No,18,0,0,Yes,Yes
1527,Yes,27,0,4,Yes,No
1528,Yes,17,0,0,No,No
1529,No,25,1,0,Yes,No
1530,Yes,25,0,4,Yes,No
1531,No,28,0,0,Yes,No
1532,No,21,0,0,No,No
1533,No,23,0,0,Yes,No
1534,Yes,28,0,0,No,No
1535,Yes,26,0,0,Yes,No
1536,Yes,24,0,0,No,No
1537,Yes,32,0,8,Yes,No
1538,Yes,27,0,11,Yes,No
1539,Yes,28,0.5,13,Yes,No
1540,Yes,27,0,29,Yes,No
1541,No,26,0,0,Yes,No
1542,Yes,32,2.5,36,Yes,No
1543,No,22,0,0,Yes,No
1544,No,22,0,0,No,No
1545,Yes,25,0,7,Yes,No
1546,Yes,22,0,0,Yes,No
1547,Yes,32,1.5,6,Yes,No
1548,Yes,25,0,0,Yes,No
1549,Yes,27,0,0,Yes,No
1550,Yes,25,0,0,Yes,No
1551,Yes,29,0,11,Yes,No
1552,Yes,26,0,4,Yes,No
1553,No,25,0,0,Yes,No
1554,Yes,31,2.5,0,Yes,No
1555,No,11,0,0,Yes,No
1556,Yes,25,0,4,Yes,No
1557,Yes,19,0,0,Yes,No
1558,No,22,0,0,Yes,No
1559,Yes,22,0,0,Yes,No
1560,Yes,24,0,0,No,No
1561,No,20,0,0,Yes,No
1562,Yes,25,0,11,Yes,No
1563,Yes,29,0,0,Yes,No
1564,No,26,0,4,Yes,No
1565,Yes,21,0,4,No,No
1566,No,25,0,0,Yes,No
1567,Yes,17,0,0,No,No
1568,No,22,0,0,Yes,No
1569,Yes,28,1.5,12,Yes,No
1570,No,26,0,0,Yes,No
1571,Yes,23,0,0,Yes,No
1572,Yes,20,0,0,No,No
1573,Yes,30,0,0,Yes,No
1574,No,29,0,4,Yes,No
1575,No,27,0,0,Yes,No
1576,Yes,20,0,0,Yes,No
1577,Yes,21,0,0,No,No
1578,No,23,0,0,Yes,No
1579,No,20,0,0,No,No
1580,Yes,22,1,0,Yes,No
1581,No,18,0,0,No,No
1582,Yes,23,0,0,Yes,No
1583,Yes,26,0,0,Yes,No
1584,Yes,27,1.5,0,Yes,No
1585,Yes,22,0,0,No,No
1586,Yes,24,0,3,Yes,No
1587,Yes,26,0,0,Yes,No
1588,No,20,0,0,No,No
1589,Yes,29,0.5,7,Yes,No
1590,Yes,23,0,0,Yes,No
1591,Yes,26,0,0,Yes,No
1592,No,20,0,0,Yes,No
1593,Yes,26,0,0,Yes,No
1594,Yes,26,0,0,Yes,No
1595,Yes,21,0,0,No,No
1596,Yes,16,0,0,No,No
1597,Yes,28,2.5,0,Yes,No
1598,Yes,29,0,20,Yes,No
1599,Yes,33,0,12,Yes,No
1600,Yes,26,0,7,No,No
1601,Yes,23,0,0,Yes,No
1602,Yes,31,0,6,Yes,Yes
1603,Yes,23,0,0,Yes,No
1604,Yes,26,0,4,No,No
1605,No,21,0,0,No,No
1606,Yes,26,0,0,No,No
1607,Yes,31,0,4,Yes,No
1608,Yes,23,0,0,Yes,No
1609,Yes,24,0,0,Yes,No
1610,Yes,28,0,14,Yes,No
1611,No,30,0,0,Yes,No
1612,Yes,15,0,0,Yes,No
1613,No,32,0,0,Yes,No
1614,Yes,26,0,0,Yes,No
1615,Yes,33,4,6,Yes,No
1616,No,25,0,4,No,No
1617,No,15,0,0,No,No
1618,Yes,13,0,0,No,No
1619,Yes,29,0,0,Yes,No
1620,No,28,0,7,Yes,No
1621,No,25,0,0,Yes,No
1622,Yes,24,0,0,Yes,No
1623,No,27,0,4,Yes,No
1624,No,26,0,0,Yes,No
1625,Yes,32,0,6,Yes,No
1626,Yes,27,0,0,Yes,No
1627,Yes,27,0,0,Yes,No
1628,Yes,22,0,0,Yes,No
1629,Yes,26,0,0,Yes,No
1630,Yes,32,1,25,Yes,No
1631,Yes,32,1,15,Yes,No
1632,Yes,32,2.5,0,Yes,No
1633,Yes,19,0,0,No,No
1634,Yes,31,0,12,Yes,No
1635,Yes,24,0,4,Yes,No
1636,Yes,19,0,0,No,No
1637,No,18,0,0,Yes,No
1638,Yes,25,0,0,Yes,No
1639,Yes,27,0,4,Yes,No
1640,Yes,24,0,0,Yes,No
1641,Yes,24,0,0,Yes,No
1642,Yes,26,0,12,Yes,No
1643,Yes,29,0,0,Yes,No
1644,Yes,25,0,0,Yes,No
1645,No,25,0,0,Yes,No
1646,Yes,25,0,0,Yes,No
1647,Yes,23,0,0,Yes,No
1648,Yes,35,2,0,Yes,No
1649,No,30,0,0,No,No
1650,Yes,30,0,10,Yes,No
1651,Yes,23,0,0,No,No
1652,Yes,19,0,0,Yes,No
1653,Yes,29,0,0,No,No
1654,No,30,0,0,Yes,No
1655,Yes,30,0,0,Yes,No
1656,No,17,0,0,No,No
1657,No,17,0,0,No,No
1658,No,25,0,11,Yes,No
1659,Yes,29,0,7,Yes,No
1660,No,19,0,0,No,No
1661,No,19,0,0,No,No
1662,Yes,26,0,0,Yes,No
1663,Yes,24,0,0,Yes,No
1664,Yes,27,0,4,Yes,No
1665,Yes,21,0.89999998,0,Yes,No
1666,Yes,26,0,0,Yes,No
1667,Yes,26,0,7,Yes,No
1668,Yes,25,0,0,No,No
1669,No,21,0,0,No,No
1670,No,13,0,0,No,No
1671,Yes,23,0,0,Yes,No
1672,Yes,23,0,0,No,No
1673,No,23,0,0,Yes,No
1674,No,25,0,0,Yes,No
1675,No,17,0,0,Yes,No
1676,No,27,0,16,No,No
1677,Yes,26,0,0,Yes,No
1678,Yes,18,0,0,No,No
1679,Yes,20,0,0,No,No
1680,Yes,25,0,0,Yes,No
1681,Yes,25,0,0,Yes,No
1682,Yes,28,4,4,Yes,No
1683,No,25,0,0,No,No
1684,Yes,23,0,0,Yes,No
1685,No,28,0,0,Yes,No
1686,Yes,20,0,6,Yes,No
1687,Yes,18,0,0,No,No
1688,No,21,0,0,Yes,No
1689,Yes,27,0,0,Yes,No
1690,Yes,25,0,4,Yes,No
1691,Yes,29,1,16,Yes,No
1692,No,20,0,0,Yes,No
1693,Yes,21,0,0,Yes,No
1694,Yes,28,0,24,Yes,No
1695,No,29,0,0,Yes,No
1696,Yes,23,0,0,No,No
1697,Yes,29,0,4,Yes,No
1698,Yes,29,1,0,Yes,No
1699,Yes,26,1.5,13,Yes,No
1700,Yes,25,0,0,Yes,No
1701,Yes,21,0,0,No,No
1702,No,32,0,8,Yes,No
1703,Yes,30,0,7,Yes,No
1704,No,25,0,0,Yes,No
1705,No,24,0,0,Yes,No
1706,Yes,25,0,4,Yes,No
1707,Yes,22,0,0,No,No
1708,Yes,21,0,0,No,No
1709,No,28,0,0,Yes,No
1710,No,33,0,0,Yes,No
1711,No,26,0,20,Yes,No
1712,No,26,0,11,No,No
1713,Yes,29,0,18,Yes,No
1714,Yes,27,0.5,0,Yes,No
1715,Yes,20,0,0,Yes,No
1716,Yes,22,0,0,No,No
1717,Yes,30,0,11,Yes,No
1718,Yes,24,0,0,Yes,No
1719,Yes,26,0,4,Yes,No
1720,Yes,26,0,0,Yes,No
1721,Yes,23,0,0,Yes,No
1722,No,17,0,0,Yes,No
1723,Yes,30,0,20,Yes,No
1724,No,16,0,0,Yes,No
1725,Yes,23,0,7,Yes,No
1726,Yes,24,0,0,Yes,No
1727,No,31,0,11,Yes,No
1728,No,24,0,4,Yes,No
1729,No,25,0.5,0,Yes,No
1730,Yes,25,0,0,Yes,No
1731,Yes,24,0,0,No,No
1732,Yes,29,0,0,No,No
1733,Yes,21,0,0,Yes,No
1734,No,22,0,0,No,No
1735,No,28,0.25,0,Yes,No
1736,Yes,27,0,0,Yes,No
1737,Yes,26,1.5,0,Yes,No
1738,No,22,0,0,Yes,No
1739,Yes,27,1.5,16,No,No
1740,Yes,24,0,19,No,No
1741,Yes,19,0,0,No,No
1742,No,29,0,11,Yes,No
1743,No,18,0,0,Yes,No
1744,Yes,25,0,0,Yes,No
1745,Yes,27,0,0,Yes,No
1746,No,29,0,4,Yes,No
1747,Yes,27,0,7,No,No
1748,Yes,22,0,0,No,No
1749,No,26,0,0,Yes,No
1750,Yes,24,0.125,0,Yes,No
1751,Yes,29,0,11,Yes,No
1752,Yes,30,0,4,No,No
1753,No,28,0,0,Yes,No
1754,Yes,24,0,4,No,No
1755,No,24,0,0,Yes,No
1756,Yes,31,0,28,Yes,No
1757,No,27,0,0,No,No
1758,Yes,30,0,0,Yes,No
1759,Yes,17,0,0,No,No
1760,Yes,29,0,4,Yes,No
1761,Yes,25,0,0,Yes,No
1762,No,29,1.95,0,Yes,No
1763,Yes,24,0,0,Yes,No
1764,Yes,25,0,8,Yes,No
1765,No,20,0,4,No,No
1766,Yes,18,0,0,No,No
1767,Yes,21,0,0,No,No
1768,Yes,28,1.5,0,Yes,No
1769,Yes,31,0,0,Yes,No
1770,No,27,0,0,No,No
1771,Yes,29,0,22,Yes,No
1772,Yes,18,0,0,No,No
1773,Yes,27,0,0,No,No
1774,Yes,28,0,0,Yes,No
1775,No,21,0,0,No,No
1776,No,26,0,0,Yes,No
1777,Yes,24,0,0,Yes,No
1778,Yes,26,0,0,Yes,No
1779,Yes,14,0,0,No,No
1780,Yes,26,1,3,Yes,No
1781,Yes,22,0,0,No,No
1782,No,18,0,0,No,No
1783,Yes,24,1.5,6,Yes,No
1784,No,24,0,4,No,No
1785,Yes,25,0,0,No,No
1786,No,18,0,0,Yes,No
1787,Yes,21,0,0,Yes,No
1788,Yes,24,0,0,Yes,No
1789,Yes,24,0,0,Yes,No
1790,Yes,25,0,0,Yes,No
1791,No,30,0,0,No,No
1792,Yes,19,0,0,Yes,No
1793,No,26,0,0,Yes,No
1794,Yes,26,0.75,0,Yes,No
1795,No,22,0,0,Yes,No
1796,No,17,0,0,No,No
1797,Yes,19,0,0,No,No
1798,No,19,0,0,No,No
1799,Yes,24,0,3,Yes,No
1800,No,11,0,0,No,No
1801,Yes,22,0,0,No,No
1802,Yes,24,0,0,Yes,No
1803,Yes,13,0,0,Yes,Yes
1804,Yes,24,0,0,Yes,No
1805,Yes,24,0,0,Yes,No
1806,Yes,18,0,0,No,No
1807,No,29,0,0,No,No
1808,No,29,0,4,Yes,No
1809,No,16,0,0,No,No
1810,Yes,24,0,0,Yes,No
1811,Yes,25,0,0,Yes,No
1812,Yes,20,0,0,Yes,No
1813,Yes,21,0,7,No,No
1814,Yes,25,0,0,Yes,No
1815,Yes,28,0.5,4,Yes,No
1816,No,20,0,0,No,No
1817,Yes,28,0,0,Yes,No
1818,Yes,28,0,19,Yes,No
1819,Yes,26,0,12,Yes,No
1820,Yes,23,0,0,Yes,No
1821,Yes,29,0,0,Yes,No
1822,No,16,0,0,Yes,No
1823,Yes,19,0,0,Yes,No
1824,No,22,1,0,Yes,No
1825,No,27,0,0,Yes,No
1826,Yes,26,0.5,0,Yes,No
1827,Yes,23,0,0,Yes,No
1828,Yes,23,0,0,Yes,No
1829,Yes,21,0,0,Yes,No
1830,No,32,0,8,Yes,No
1831,Yes,22,0,0,Yes,No
1832,Yes,30,0,40,No,No
1833,No,24,0,0,Yes,No
1834,No,23,0,0,Yes,No
1835,Yes,30,0,20,Yes,No
1836,Yes,27,0,0,Yes,No
1837,Yes,26,0,0,No,No
1838,Yes,22,0,0,No,No
1839,No,17,0,0,No,No
1840,Yes,26,0,16,Yes,No
1841,Yes,23,0,0,No,No
1842,Yes,24,0,31,No,No
1843,Yes,18,0,0,Yes,No
1844,Yes,31,0,8,Yes,No
1845,No,27,0,0,No,No
1846,No,22,0,4,Yes,No
1847,Yes,28,0,15,Yes,No
1848,Yes,25,0,14,Yes,No
1849,Yes,18,0,0,Yes,No
1850,No,20,0,0,No,No
1851,Yes,25,0,0,No,No
1852,Yes,30,0,8,Yes,No
1853,Yes,23,0,0,No,No
1854,Yes,25,0,0,Yes,No
1855,No,15,0,0,No,No
1856,Yes,31,0,12,Yes,No
1857,Yes,23,0,0,No,No
1858,Yes,27,0,0,Yes,No
1859,Yes,13,0,0,No,Yes
1860,Yes,23,0,4,No,No
1861,No,25,0,4,Yes,No
1862,Yes,29,2.25,4,Yes,No
1863,Yes,23,0,0,Yes,No
1864,Yes,28,0,0,No,No
1865,No,21,0,0,Yes,No
1866,Yes,29,0,0,Yes,No
1867,Yes,25,0,0,Yes,No
1868,Yes,27,0,7,Yes,No
1869,Yes,27,1.5,11,Yes,No
1870,Yes,25,0,0,Yes,No
1871,Yes,25,0,4,Yes,No
1872,Yes,29,0,0,No,No
1873,Yes,24,0,0,No,No
1874,Yes,30,0,0,Yes,No
1875,Yes,32,0,0,Yes,No
1876,Yes,29,0,11,Yes,No
1877,Yes,24,0,13,Yes,No
1878,Yes,27,0,0,No,No
1879,No,24,0,0,No,No
1880,Yes,21,0,0,Yes,No
1881,Yes,25,0,0,Yes,No
1882,Yes,22,0,0,Yes,No
1883,Yes,25,0,0,Yes,No
1884,No,23,0,0,Yes,No
1885,Yes,19,0,0,Yes,No
1886,Yes,26,0,0,No,No
1887,Yes,31,0,0,No,No
1888,No,22,0,0,Yes,No
1889,Yes,28,0,7,Yes,No
1890,Yes,25,0,6,Yes,No
1891,Yes,21,0,0,No,No
1892,Yes,24,0,11,No,No
1893,Yes,20,1,0,No,No
1894,Yes,20,0,0,Yes,No
1895,Yes,20,0,0,No,No
1896,Yes,34,0,0,Yes,No
1897,Yes,26,0,0,Yes,No
1898,No,19,0,0,Yes,No
1899,Yes,27,0,4,Yes,No
1900,No,20,0,0,No,No
1901,Yes,28,0,0,Yes,No
1902,Yes,27,0,11,Yes,No
1903,No,25,0,0,Yes,No
1904,Yes,21,0,0,Yes,No
1905,No,27,1,10,Yes,No
1906,Yes,21,0,0,Yes,No
1907,No,15,0,0,No,No
1908,Yes,24,0,0,No,No
1909,Yes,25,0,0,No,No
1910,No,24,1,0,Yes,No
1911,Yes,34,2.5,39,Yes,No
1912,Yes,24,0,0,Yes,No
1913,Yes,26,0,11,Yes,No
1914,Yes,30,1.5,20,Yes,No
1915,Yes,29,0,0,Yes,No
1916,Yes,32,1,4,Yes,No
1917,No,18,0,0,Yes,No
1918,No,31,0,0,Yes,No
1919,No,28,0,0,No,No
1920,Yes,21,0,4,Yes,No
1921,Yes,30,0.5,4,No,No
1922,Yes,21,0,4,No,No
1923,Yes,25,0,8,Yes,No
1924,Yes,28,0,4,Yes,No
1925,No,24,0,10,No,No
1926,Yes,25,0,9,No,No
1927,No,25,0,0,Yes,No
1928,Yes,24,0,0,Yes,No
1929,Yes,15,0,0,No,No
1930,Yes,28,0,12,No,No
1931,Yes,23,0,0,Yes,No
1932,Yes,26,0,0,No,No
1933,Yes,23,0,0,Yes,No
1934,Yes,22,0,0,No,No
1935,Yes,26,0,0,Yes,No
1936,Yes,27,0,7,Yes,No
1937,Yes,19,0,0,No,No
1938,Yes,24,0,0,No,No
1939,Yes,30,1,6,Yes,No
1940,No,23,0,0,No,No
1941,Yes,29,0,18,Yes,No
1942,Yes,24,0,0,No,No
1943,Yes,22,0,0,Yes,No
1944,Yes,26,0,4,Yes,No
1945,Yes,22,0,0,Yes,No
1946,Yes,28,0,17,Yes,No
1947,Yes,30,0,17,Yes,No
1948,Yes,25,0,0,Yes,No
1949,Yes,23,0,0,Yes,No
1950,Yes,25,0,4,Yes,No
1951,Yes,28,0,0,Yes,No
1952,Yes,27,0,4,Yes,No
1953,Yes,30,1.5,31,Yes,No
1954,Yes,30,0,25,Yes,No
1955,Yes,25,0,0,No,No
1956,Yes,30,0.5,0,Yes,No
1957,Yes,24,0,4,Yes,No
1958,Yes,20,0,0,Yes,No
1959,No,25,0,0,Yes,No
1960,Yes,24,0,4,Yes,No
1961,No,28,0,0,Yes,No
1962,No,30,0,0,Yes,No
1963,No,26,0,11,Yes,No
1964,Yes,29,0,0,No,No
1965,Yes,26,0,0,Yes,No
1966,No,27,0,0,Yes,No
1967,Yes,20,0,0,Yes,No
1968,Yes,29,0,0,Yes,No
1969,Yes,26,0,0,Yes,No
1970,No,33,1.5,0,No,No
1971,Yes,19,0,0,Yes,No
1972,Yes,25,1,4,Yes,No
1973,Yes,27,0,0,Yes,No
1974,No,22,0,0,Yes,No
1975,Yes,29,0,14,Yes,No
1976,No,16,0,0,Yes,No
1977,Yes,25,0,0,Yes,No
1978,Yes,24,0,8,No,No
1979,Yes,29,0,4,Yes,No
1980,Yes,21,0,0,Yes,No
1981,Yes,19,0,0,No,No
1982,Yes,27,1.5,8,Yes,No
1983,No,20,0,0,Yes,No
1984,Yes,29,1.5,15,Yes,No
1985,Yes,31,0.5,11,Yes,No
1986,Yes,26,0,7,Yes,No
1987,No,21,0,0,No,No
1988,No,20,0,0,Yes,No
1989,Yes,30,1,0,Yes,No
1990,No,22,0,0,No,No
1991,Yes,28,0,0,No,No
1992,Yes,16,0,0,Yes,No
1993,No,25,0,0,Yes,No
1994,Yes,30,0,4,Yes,No
1995,Yes,23,0,0,Yes,No
1996,Yes,25,0,0,Yes,No
1997,Yes,20,0,0,Yes,No
1998,Yes,25,0,0,Yes,No
1999,Yes,29,0,8,Yes,No
2000,Yes,28,0,0,No,No
2001,Yes,24,0,0,No,No
2002,Yes,27,0,0,No,No
2003,Yes,23,0,12,Yes,No
2004,Yes,30,0,8,Yes,No
2005,No,23,0,0,No,No
2006,Yes,21,0,0,No,No
2007,Yes,25,0,4,No,No
2008,No,29,0,13,No,No
2009,Yes,15,0,0,No,No
2010,No,28,0,0,No,No
2011,Yes,28,1,0,Yes,No
2012,Yes,21,0,0,Yes,No
2013,Yes,20,0,0,No,No
2014,No,15,0,0,Yes,No
2015,Yes,25,0,0,Yes,No
2016,Yes,24,0,23,Yes,No
2017,No,31,0,0,No,No
2018,No,17,0,0,Yes,No
2019,No,15,0,0,No,No
2020,No,22,0,0,Yes,No
2021,No,17,0,0,Yes,No
2022,Yes,34,1,17,Yes,No
2023,No,25,0,0,Yes,No
2024,Yes,23,0,0,Yes,No
2025,Yes,30,1.5,18,Yes,No
2026,Yes,22,0,0,No,No
2027,No,26,0,0,Yes,No
2028,Yes,25,1.125,7,Yes,No
2029,Yes,20,0,0,Yes,No
2030,Yes,26,0,10,No,No
2031,Yes,26,0,0,Yes,No
2032,Yes,17,0,0,Yes,No
2033,No,26,0,0,No,No
2034,No,30,0,12,Yes,No
2035,Yes,23,0,0,Yes,No
2036,Yes,31,1.5,0,Yes,No
2037,Yes,20,0,0,Yes,No
2038,Yes,27,0,8,No,No
2039,Yes,22,0,0,No,No
2040,No,21,0,0,Yes,No
2041,Yes,28,1.5,0,Yes,No
2042,No,27,1.5,11,Yes,No
2043,Yes,22,0,0,Yes,No
2044,No,30,0,4,Yes,No
2045,Yes,26,0,8,Yes,No
2046,No,18,0,0,No,No
2047,Yes,28,0,6,Yes,No
2048,Yes,17,0,0,No,No
2049,Yes,30,0.5,6,Yes,No
2050,No,28,0,0,No,No
2051,Yes,23,0,0,Yes,No
2052,No,21,0,0,No,No
2053,Yes,24,0,7,Yes,No
2054,Yes,24,0,0,Yes,No
2055,Yes,23,0,0,Yes,No
2056,No,22,0,0,Yes,No
2057,Yes,22,0,4,Yes,No
2058,No,35,0,0,Yes,No
2059,Yes,31,0.5,6,Yes,No
2060,Yes,25,0,20,Yes,No
2061,Yes,25,0,0,Yes,No
2062,Yes,25,1,0,No,No
2063,No,27,0,6,Yes,No
2064,No,29,0,0,Yes,No
2065,No,22,0,0,No,No
2066,Yes,30,0,12,Yes,No
2067,No,16,0,0,No,No
2068,No,22,0,0,No,No
2069,Yes,27,1.5,11,Yes,No
2070,Yes,22,0,0,No,No
2071,No,19,0,0,Yes,No
2072,Yes,24,0,13,Yes,No
2073,Yes,30,1.5,26,Yes,No
2074,Yes,27,0,14,No,No
2075,Yes,26,0,0,No,No
2076,Yes,21,0,0,Yes,No
2077,Yes,24,0,8,Yes,No
2078,Yes,15,0,0,No,No
2079,No,32,0,0,No,Yes
2080,Yes,24,0,0,Yes,No
2081,Yes,23,0,7,No,No
2082,Yes,34,0,0,No,No
2083,Yes,16,0,0,No,No
2084,No,30,0,8,No,No
2085,Yes,30,1.5,4,Yes,No
2086,No,18,0,0,No,No
2087,Yes,23,0,0,No,No
2088,No,23,0,0,No,Yes
2089,No,23,0,0,Yes,No
2090,Yes,29,0,0,Yes,No
2091,Yes,26,0,4,Yes,No
2092,Yes,26,0,0,Yes,No
2093,No,24,0,0,No,No
2094,Yes,25,0,0,Yes,No
2095,Yes,24,0,0,No,No
2096,Yes,30,0,0,Yes,No
2097,Yes,24,0,0,Yes,No
2098,No,25,0,0,No,No
2099,Yes,23,0,0,Yes,No
2100,Yes,28,0,11,No,No
2101,Yes,31,1.5,8,Yes,No
2102,Yes,24,0,0,Yes,No
2103,Yes,20,0,0,No,No
2104,Yes,29,0,21,Yes,No
2105,Yes,28,2.5,7,Yes,No
2106,Yes,31,0,14,No,No
2107,Yes,28,0,7,No,No
2108,Yes,29,0.5,8,Yes,No
2109,Yes,26,0,0,Yes,No
2110,Yes,28,1,0,Yes,No
2111,No,28,0,0,Yes,No
2112,Yes,33,1.5,15,Yes,No
2113,Yes,26,0,0,No,No
2114,Yes,28,0,0,Yes,No
2115,Yes,25,0,0,Yes,No
2116,No,23,0,0,No,No
2117,Yes,27,0,0,No,Yes
2118,No,22,0,0,No,No
2119,Yes,27,0.5,4,Yes,No
2120,No,23,0,6,Yes,No
2121,No,23,0,0,Yes,No
2122,No,20,0,0,Yes,No
2123,Yes,24,0,0,Yes,No
2124,No,26,0,0,Yes,No
2125,No,28,0,0,Yes,No
2126,Yes,21,0,0,No,No
2127,Yes,24,0,0,Yes,No
2128,Yes,28,0,4,Yes,No
2129,Yes,32,3.5,6,Yes,No
2130,Yes,31,0,15,Yes,No
2131,Yes,28,1,13,No,No
2132,No,23,0,0,Yes,No
2133,Yes,15,0,0,No,No
2134,Yes,25,0,4,Yes,No
2135,No,23,0,0,No,No
2136,Yes,25,0,0,Yes,No
2137,No,24,0,0,No,No
2138,Yes,25,0,8,Yes,No
2139,Yes,29,0,0,Yes,No
2140,Yes,23,0,0,Yes,No
2141,Yes,29,0.5,0,Yes,No
2142,Yes,20,1,0,No,No
2143,Yes,29,0,0,Yes,No
2144,No,30,0,10,Yes,No
2145,Yes,27,0,11,Yes,No
2146,Yes,27,0,0,Yes,No
2147,Yes,26,0,4,Yes,No
2148,Yes,27,0,11,Yes,No
2149,Yes,27,1.5,7,Yes,No
2150,Yes,29,0,16,Yes,No
2151,Yes,27,1.75,0,Yes,No
2152,No,26,0,0,Yes,No
2153,No,21,0,0,No,No
2154,Yes,25,0,6,No,No
2155,No,30,0,0,No,No
2156,Yes,29,0,0,No,No
2157,Yes,23,0,0,Yes,No
2158,Yes,32,1.5,19,Yes,No
2159,Yes,30,1.5,12,No,No
2160,Yes,23,0,0,Yes,No
2161,No,21,0,0,No,No
2162,No,31,0,0,No,No
2163,Yes,27,0,4,Yes,No
2164,Yes,21,0,0,Yes,No
2165,No,22,0,0,No,Yes
2166,No,32,0,0,Yes,No
2167,Yes,28,0,4,Yes,No
2168,Yes,27,0,0,Yes,No
2169,Yes,26,0,12,Yes,No
2170,Yes,27,0,0,Yes,No
2171,Yes,26,0,0,Yes,No
2172,No,18,0,0,No,No
2173,Yes,19,0,0,Yes,No
2174,Yes,20,0,0,No,No
2175,No,24,0,0,Yes,Yes
2176,Yes,31,0,12,Yes,No
2177,Yes,22,0,0,Yes,No
2178,No,26,0,0,Yes,No
2179,No,26,0,0,Yes,No
2180,Yes,22,0,0,No,No
2181,Yes,27,2.5,11,Yes,No
2182,Yes,28,0,7,Yes,No
2183,Yes,22,0,4,Yes,No
2184,No,25,0,0,Yes,No
2185,Yes,30,0,13,Yes,No
2186,Yes,16,0,0,Yes,No
2187,Yes,27,0,0,No,No
2188,Yes,24,0,0,No,No
2189,Yes,28,0,0,Yes,No
2190,Yes,21,0,0,Yes,No
2191,Yes,24,0,0,No,No
2192,No,18,0,0,Yes,No
2193,No,25,0,0,Yes,No
2194,Yes,23,0,0,Yes,No
2195,Yes,22,0,0,Yes,No
2196,Yes,23,0,0,No,No
2197,Yes,19,0,0,No,No
2198,No,24,0,0,Yes,No
2199,No,21,0,0,No,No
2200,Yes,27,0,16,Yes,No
2201,Yes,29,1.5,0,Yes,No
2202,Yes,32,2.5,25,Yes,No
2203,No,19,0,0,No,No
2204,Yes,28,0.5,0,Yes,No
2205,No,31,0,19,Yes,No
2206,Yes,29,0,18,Yes,No
2207,Yes,34,2,19,Yes,No
2208,Yes,23,0,0,Yes,No
2209,Yes,22,0,0,Yes,No
2210,No,25,0,17,Yes,No
2211,Yes,28,0,0,Yes,No
2212,Yes,28,2.5,0,Yes,No
2213,No,24,0,0,Yes,No
2214,Yes,22,0,4,Yes,No
2215,Yes,30,0,11,Yes,No
2216,Yes,28,0,13,No,No
2217,Yes,19,0,0,No,No
2218,Yes,30,0,20,Yes,No
2219,Yes,25,0,0,Yes,No
2220,No,24,0,0,Yes,No
2221,No,25,0,0,Yes,No
2222,No,29,0,4,Yes,No
2223,No,17,0,0,No,No
2224,Yes,29,0,15,No,No
2225,Yes,21,0,0,Yes,No
2226,Yes,20,0,0,Yes,No
2227,No,28,1.65,0,Yes,No
2228,Yes,25,0,0,Yes,No
2229,Yes,24,0,0,No,No
2230,No,23,0,0,Yes,Yes
2231,Yes,30,0,12,Yes,No
2232,Yes,25,0,0,Yes,No
2233,Yes,25,0,0,Yes,No
2234,Yes,33,0.5,20,Yes,No
2235,Yes,28,1,0,Yes,No
2236,Yes,22,0,0,Yes,No
2237,Yes,27,0,0,Yes,No
2238,No,25,0,0,Yes,No
2239,No,26,0,0,Yes,No
2240,Yes,32,0.5,19,Yes,No
2241,Yes,29,1.5,0,Yes,No
2242,Yes,21,0,4,Yes,No
2243,Yes,28,0,12,No,No
2244,Yes,22,0,0,Yes,No
2245,Yes,24,1,10,Yes,No
2246,Yes,18,1.5,0,Yes,No
2247,Yes,24,0,0,Yes,No
2248,Yes,26,0,0,No,No
2249,Yes,25,0,0,Yes,No
2250,No,22,0,0,No,No
2251,Yes,32,2.5,11,Yes,No
2252,Yes,28,0,15,Yes,No
2253,Yes,23,0,15,Yes,No
2254,No,16,0,0,Yes,No
2255,Yes,26,0,0,Yes,No
2256,Yes,29,1.5,8,Yes,No
2257,Yes,24,0,0,Yes,No
2258,Yes,25,0,0,Yes,No
2259,No,27,0,0,No,No
2260,Yes,23,0,0,No,No
2261,No,19,0,0,No,No
2262,Yes,27,0,0,No,No
2263,Yes,11,0,0,No,Yes
2264,Yes,21,0,0,Yes,No
2265,Yes,22,0,0,Yes,No
2266,Yes,23,0,4,Yes,No
2267,Yes,21,0,0,Yes,No
2268,Yes,26,0,13,Yes,No
2269,Yes,23,0,0,Yes,No
2270,No,29,0,4,No,No
2271,Yes,24,0,0,No,No
2272,Yes,22,0,0,No,No
2273,Yes,26,0,0,Yes,No
2274,No,21,0,0,Yes,No
2275,Yes,23,0,0,No,No
2276,No,18,0,0,No,No
2277,Yes,26,0,4,Yes,No
2278,Yes,25,0,0,Yes,No
2279,No,23,0,0,Yes,No
2280,Yes,22,0,4,No,No
2281,Yes,22,0,0,No,No
2282,Yes,24,0,0,No,No
2283,No,21,0,0,No,No
2284,No,21,0,0,No,No
2285,No,27,0,34,Yes,No
2286,Yes,30,0,19,No,No
2287,Yes,23,0,0,No,No
2288,No,26,0,4,Yes,No
2289,No,22,0,0,No,No
2290,Yes,18,1,0,Yes,No
2291,Yes,24,0,0,Yes,No
2292,Yes,23,0,0,Yes,No
2293,No,25,0,0,Yes,No
2294,Yes,24,0,4,Yes,No
2295,Yes,26,0,0,Yes,No
2296,Yes,25,0,4,Yes,No
2297,Yes,29,0,13,Yes,No
2298,Yes,34,0,8,Yes,No
2299,Yes,22,0,0,No,No
2300,No,26,0,0,Yes,No
2301,Yes,23,1,0,Yes,No
2302,No,26,0,0,No,No
2303,Yes,18,0,0,No,No
2304,Yes,28,0,0,Yes,No
2305,Yes,29,0,0,Yes,No
2306,Yes,23,0.64999998,4,Yes,No
2307,Yes,26,0,0,Yes,No
2308,Yes,31,1.5,27,Yes,No
2309,Yes,27,0,34,Yes,No
2310,Yes,21,0,0,No,No
2311,Yes,20,0,0,No,No
2312,Yes,17,0,0,Yes,Yes
2313,Yes,26,0,0,No,No
2314,No,18,0,0,Yes,Yes
2315,Yes,22,0,0,No,No
2316,Yes,22,0,0,Yes,No
2317,Yes,32,0,8,Yes,No
2318,Yes,21,0,0,No,No
2319,Yes,26,0,0,No,No
2320,Yes,21,0,4,No,No
2321,No,21,0,0,No,No
2322,Yes,23,0,0,Yes,No
2323,Yes,27,0,4,No,No
2324,Yes,30,0,0,Yes,No
2325,Yes,24,0,0,Yes,No
2326,Yes,30,1.5,19,Yes,No
2327,Yes,22,1,0,Yes,No
2328,Yes,22,0,4,No,No
2329,Yes,29,0.5,0,Yes,No
2330,Yes,19,0,0,Yes,No
2331,No,23,0,0,Yes,No
2332,Yes,26,0,6,Yes,No
2333,No,23,0,0,No,Yes
2334,Yes,26,0,0,No,No
2335,No,20,0,0,No,No
2336,Yes,27,0,4,Yes,No
2337,No,20,0,0,No,No
2338,Yes,25,0,4,Yes,No
2339,Yes,33,1,0,Yes,No
2340,Yes,26,0,0,Yes,No
2341,Yes,21,1,0,No,No
2342,Yes,21,0,0,No,No
2343,No,18,0,0,No,No
2344,No,27,0,4,No,No